시도교육청코드,시도교육청명,표준학교코드,학교명,영문학교명,학교종류명,소재지명,관할조직명,설립명,도로명우편번호,도로명주소,도로명상세주소,전화번호,홈페이지주소,남녀공학구분명,팩스번호,고등학교구분명,산업체특별학급존재여부,고등학교일반실업구분명,특수목적고등학교계열명,입시전후기구분명,주야구분명,설립일자,개교기념일,수정일
S10,경상남도교육청,9010438,간디고등학교,Gandhi High School,고등학교,경상남도,경상남도교육청,사립,52262 ,경상남도 산청군 신안면 둔철산로 210,/ 간디고등학교 (신안면/ 간디학교),055-973-8124,http://gandhi-h.gne.go.kr,남여공학,055-973-1204,특성화고,N,일반계,,전기,주간,19980113,19971230,20211216
S10,경상남도교육청,9010079,거제고등학교,,고등학교,경상남도,경상남도교육청,사립,53310 ,경상남도 거제시 아주로3길 61,/ 거제고등학교 (아주동),055-681-2647,www.geoje.hs.kr,남여공학,055-681-3284,일반고,N,일반계,,전기,주간,19520118,19481016,20211216
S10,경상남도교육청,9010123,거제공업고등학교,Geoje Technical High School,고등학교,경상남도,경상남도교육청,공립,53257 ,경상남도 거제시 계룡로11길 63,/ (고현동/거제공업고등학교) (고현동),055-630-9000,http://geoje-th-h.gne.go.kr/,남,055-630-9008,특목고,N,전문계,산업수요 맞춤형 고등학교,전기,주간,19690306,19690306,20211216
S10,경상남도교육청,9010480,거제상문고등학교,Geoje Sangmoon High School,고등학교,경상남도,경상남도교육청,공립,53297 ,경상남도 거제시 수양로 29,거제상문고등학교(문동동),055-634-2684,http://gj-sangmoon-h.gne.go.kr,남여공학,055-634-2688,일반고,N,일반계,,전기,주간,20130301,20130301,20211216
S10,경상남도교육청,9010479,거제여자상업고등학교,Geoje Girls` Commercial High School,고등학교,경상남도,경상남도교육청,공립,53286 ,경상남도 거제시 거제면 동상3길 21,/ (거제면/ 거제여자상업고등학교) ,055-633-0982,http://www.ggch.hs.kr/,여,055-633-3876,특성화고,N,전문계,,전기,주간,19771216,19780307,20211216
S10,경상남도교육청,9010323,거제옥포고등학교,,고등학교,경상남도,경상남도교육청,공립,53211 ,경상남도 거제시 연초면 국산로 27,(연초면/거제옥포고등학교),055-638-5982,http://okpo-h.gne.go.kr/,남여공학,055-638-5986,일반고,N,일반계,,전기,주간,20060221,20060301,20211216
S10,경상남도교육청,9010275,거제제일고등학교,,고등학교,경상남도,경상남도교육청,공립,53285 ,경상남도 거제시 거제면 읍내로13길 22-5,(거제면/ 거제제일고등학교),055-633-3101,http://geojejeil-h.gne.go.kr/,남여공학,055-633-3103,자율고,N,일반계,,전기,주간,19530418,19530418,20211216
S10,경상남도교육청,9010031,거제중앙고등학교,Geoje Jungang High School,고등학교,경상남도,경상남도교육청,공립,53248 ,경상남도 거제시 중곡로2길 61,(고현동/ 거제중앙고등학교),055-632-8660,gjjungang-h.gne.go.kr,남여공학,055-632-8664,일반고,N,일반계,,전기,주간,19970301,19690302,20211216
S10,경상남도교육청,9010080,거창고등학교,Geochang High School,고등학교,경상남도,경상남도교육청,사립,50128 ,경상남도 거창군 거창읍 죽전4길 36,/ 거창고등학교 (거창읍),055-944-3751,http://geochang-h.gne.go.kr/,남여공학,055-942-6751,일반고,N,일반계,,전기,주간,19530423,19530423,20211216
S10,경상남도교육청,9010081,거창대성고등학교,,고등학교,경상남도,경상남도교육청,사립,50130 ,경상남도 거창군 거창읍 거열로 81,(거창읍/ 거창대성고등학교),055-943-6816,http://gcdaeseong-h.gne.go.kr/,남,055-943-6821,일반고,N,일반계,,전기,주간,19631216,19631216,20211216
S10,경상남도교육청,9010690,거창승강기고등학교,Geochang Elevator High School,고등학교,경상남도,경상남도교육청,공립,50118 ,경상남도 거창군 가조면 마상3길 33-20,(가조면/ 거창승강기고등학교),055-943-4521,http://geochang-elev-h.gne.go.kr/geochang-tech-h/main.do,남여공학,055-943-4519,특성화고,N,전문계,,전기,주간,19771216,19780310,20211216
S10,경상남도교육청,9010032,거창여자고등학교,,고등학교,경상남도,경상남도교육청,공립,50128 ,경상남도 거창군 거창읍 죽전1길 72,(거창읍/거창여자고등학교),055-942-3910,http://gcgh-h.gne.go.kr,여,055-944-0979,일반고,N,일반계,,전기,주간,19600401,19600401,20211216
S10,경상남도교육청,9010240,거창중앙고등학교,Geochang Joongang High School,고등학교,경상남도,경상남도교육청,사립,50130 ,경상남도 거창군 거창읍 성산길 36,(거창읍),055-942-3921,http://gcjoongang-h.gne.go.kr/,남여공학,055-943-8290,일반고,N,일반계,,전기,주간,19540227,19540228,20211216
S10,경상남도교육청,9010437,경남간호고등학교,Kyeongnam Nursing High School,고등학교,경상남도,경상남도교육청,사립,52255 ,경상남도 산청군 생비량면 지리산대로4763번길 89-15,(생비량면),055-973-7832,http://kpn-h.gne.go.kr,남여공학,055-973-7828,특성화고,N,전문계,,전기,주간,19721226,19730303,20211216
S10,경상남도교육청,9010033,경남과학고등학교,Gyeongnam Science High School,고등학교,경상남도,경상남도교육청,공립,52620 ,경상남도 진주시 진성면 진의로 178-22,(진성면),055-759-4003,http://gshs-h.gne.go.kr/,남여공학,055-759-4005,특목고,N,일반계,과학계열,전기,주간,19831121,19840427,20211216
S10,경상남도교육청,9010334,경남관광고등학교,Gyeongnam Tourism High School,고등학교,경상남도,경상남도교육청,사립,51144 ,경상남도 창원시 의창구 사림로29번길 12,(봉곡동/경남관광고등학교),055-277-6871,http://gntour-h.gne.go.kr/,남여공학,055-277-6875,특성화고,N,전문계,,전기,주간,19691202,19691202,20211216
S10,경상남도교육청,9010505,경남로봇고등학교,Gyeongnam Robotics High School,고등학교,경상남도,경상남도교육청,사립,52011 ,경상남도 함안군 대산면 대산중앙로 102-2,(대산면/ 경남로봇고등학교/함안대산중학교),055-582-8007,www.gr.hs.kr,남여공학,055-583-9187,특성화고,N,전문계,,전기,주간,19661117,19661117,20211216
S10,경상남도교육청,9010332,경남산업고등학교,,고등학교,경상남도,경상남도교육청,공립,53204 ,경상남도 거제시 하청면 서리1길 17,(하청면/ 경남산업고등학교),055-636-1801,http://gni-h.gne.go.kr,남여공학,055-636-1804,특성화고,N,전문계,,전기,주간,19530323,19530323,20211216
S10,경상남도교육청,9010082,경남예술고등학교,Kyungnam Arts High School,고등학교,경상남도,경상남도교육청,사립,52730 ,경상남도 진주시 진산로322번길 11-7,(장재동/ 경남예술고등학교),055-759-3712,http://karts-h.gne.go.kr,남여공학,055-759-5066,특목고,N,일반계,예술계열,전기,주간,19891016,19891016,20211216
S10,경상남도교육청,9010083,경남외국어고등학교,,고등학교,경상남도,경상남도교육청,사립,50590 ,경상남도 양산시 어실로 388,(어곡동),055-383-6601,http://knfl-h.gne.go.kr/,남여공학,055-383-6606,특목고,N,일반계,외국어계열,전기,주간,19871019,19871019,20211216
S10,경상남도교육청,9010335,경남자동차고등학교,Gyeongnam Automobile High School,고등학교,경상남도,경상남도교육청,사립,52730 ,경상남도 진주시 진산로 378,/ 경남자동차고등학교 (장재동),055-758-6714,http://gnautomobile-h.gne.go.kr/,남여공학,055-758-6861,특성화고,N,전문계,,전기,주간,19710513,19710513,20211216
S10,경상남도교육청,9010128,경남자영고등학교, ,고등학교,경상남도,경상남도교육청,공립,52523 ,경상남도 사천시 정동면 옥산로 143,/ 경남자영고등학교 (정동면),055-855-0223,http://gnjayeong-h.gne.go.kr,남여공학,055-852-1453,특성화고,N,전문계,,전기,주간,19520601,19520601,20211216
S10,경상남도교육청,9010234,경남정보고등학교,GYEONG-NAM INFORMATION HIGH SCHOOL,고등학교,경상남도,경상남도교육청,공립,52825 ,경상남도 진주시 가호방아길 32,(호탄동/ 경남정보고등학교),055-761-8061,http://kninfo-h.gne.go.kr/,남여공학,055-761-8064,특성화고,N,전문계,,전기,주간,19950901,19740105,20211216
S10,경상남도교육청,9010034,경남체육고등학교,Gyeongnam Physical Education High School,고등학교,경상남도,경상남도교육청,공립,52620 ,경상남도 진주시 진성면 진의로 178-27,(진성면/ 경남체육고등학교),055-759-4229,http://chego-h.gne.go.kr/,남여공학,055-759-4036,특목고,N,일반계,체육계열,전기,주간,19850320,19850320,20211216
S10,경상남도교육청,9010129,경남항공고등학교,,고등학교,경상남도,경상남도교육청,공립,52932 ,경상남도 고성군 고성읍 송학고분로 127,(고성읍),055-673-4564,http://hanggong-h.gne.go.kr/,남여공학,055-674-1843,특성화고,N,전문계,,전기,주간,19350330,19350426,20211216
S10,경상남도교육청,9010301,경남해양과학고등학교,,고등학교,경상남도,경상남도교육청,공립,52444 ,경상남도 남해군 삼동면 동부대로 1810,/ 경남해양과학고등학교 (삼동면),055-867-0005,http://gnms-h.gne.go.kr/,남여공학,055-867-4315,특성화고,N,전문계,,전기,주간,19380507,19380507,20211216
S10,경상남도교육청,9010084,경상고등학교,GyeongSang High School,고등학교,경상남도,경상남도교육청,사립,51184 ,경상남도 창원시 의창구 금강로379번길 46,/ 경상고등학교 (소계동/경상고등학교),055-255-5501,http://gsh-h.gne.go.kr,남,055-292-5444,일반고,N,일반계,,전기,주간,19731002,19741002,20211216
S10,경상남도교육청,C020714,경상국립대학교사범대학부설고등학교,Gyeongsang National University High School,고등학교,경상남도,교육부,국립,52828 ,경상남도 진주시 가좌길29번길,/ 63 (가좌동),055-772-4961,http://gnubs-h.gne.go.kr,남여공학,055-772-4964,일반고,N,일반계,,전기,주간,19831213,19831213,20211216
S10,경상남도교육청,9010280,경진고등학교,Gyeongjin High School,고등학교,경상남도,경상남도교육청,사립,52655 ,경상남도 진주시 의병로71번길 3-21,(상봉동/ 경진고등학교),055-746-1521,http://gyeongjin-h.gne.go.kr,남여공학,055-746-1524,특성화고,N,전문계,,전기,주간,19790304,19790415,20211216
S10,경상남도교육청,9010085,경해여자고등학교,,고등학교,경상남도,경상남도교육청,사립,52651 ,경상남도 진주시 남강로 39,(평거동),055-746-4184,gyeonghae-h.gne.go.kr,여,055-747-1139,일반고,N,일반계,,전기,주간,19841229,19841229,20211216
S10,경상남도교육청,9010160,고성고등학교,Goseong High School,고등학교,경상남도,경상남도교육청,사립,52914 ,경상남도 고성군 회화면 배둔서길 42-5,(회화면),055-673-7891,www.goseong.hs.kr,남여공학,055-673-4706,일반고,N,일반계,,전기,주간,19660323,19660411,20211216
S10,경상남도교육청,9010276,고성중앙고등학교,,고등학교,경상남도,경상남도교육청,공립,52935 ,경상남도 고성군 고성읍 남포로 45,고성중앙고등학교,055-674-7315,http://kosung-h.gne.go.kr,남여공학,055-674-7314,일반고,N,일반계,,전기,주간,19560620,19560620,20211216
S10,경상남도교육청,9010037,곤양고등학교,,고등학교,경상남도,경상남도교육청,공립,52504 ,경상남도 사천시 곤양면 솥골길 120,/ 곤양고등학교 (곤양면),055-853-0122,gonyang-h.gne.go.kr,남여공학,055-853-0123,일반고,N,일반계,,전기,주간,19721006,19730306,20211216
S10,경상남도교육청,9010388,공군항공과학고등학교,Air Force Aviation Science High School,고등학교,경상남도,교육부,국립,52634 ,경상남도 진주시 금산면 송백로 46,/ 사서함 306-3호 (금산면),055-750-2121,,남여공학,055-759-6139,특목고,N,일반계,산업수요 맞춤형 고등학교,전기,주간,19690301,19690505,20211216
S10,경상남도교육청,9010516,구산고등학교,Gusan High School,고등학교,경상남도,경상남도교육청,공립,50832 ,경상남도 김해시 가야로 311,(구산동/ 구산고등학교),055-310-7600,http://gusan-h.gne.go.kr/,남여공학,055-323-1791,일반고,N,일반계,,전기,주간,20150301,20150301,20211216
S10,경상남도교육청,9010086,군북고등학교,,고등학교,경상남도,경상남도교육청,사립,52065 ,경상남도 함안군 군북면 사군로 1558,(군북면/ 군북고등학교),055-585-5120,http://gunbuk-h.gne.go.kr,남여공학,055-585-6023,일반고,N,일반계,,전기,주간,19660330,19660330,20211216
S10,경상남도교육청,9010038,금남고등학교,,고등학교,경상남도,경상남도교육청,공립,52350 ,경상남도 하동군 금남면 섬진강대로 656-8,(금남면/ 금남고등학교),055-882-1103,http://geumnam-h.gne.go.kr/ ,남여공학,055-844-5886,일반고,N,일반계,,전기,주간,19801126,19810307,20211216
S10,경상남도교육청,9010039,김해가야고등학교,,고등학교,경상남도,경상남도교육청,공립,50953 ,경상남도 김해시 경원로 98,(내동/ 김해가야고등학교),055-330-1333,ghgaya-h.gne.go.kr,남여공학,055-322-4449,일반고,N,일반계,,전기,주간,19950301,19950228,20211216
S10,경상남도교육청,9010130,김해건설공업고등학교,Gim Hae Construction Technical High School,고등학교,경상남도,경상남도교육청,공립,50911 ,경상남도 김해시 구지로 109,(구산동/ 김해건설공업고등학교),055-340-7495,http://ghgeonseol-h.gne.go.kr/,남여공학,055-328-6758,특성화고,N,전문계,,전기,주간,19771216,19771216,20211216
S10,경상남도교육청,9010040,김해경원고등학교,,고등학교,경상남도,경상남도교육청,공립,50957 ,경상남도 김해시 우암로 18,(외동/ 김해경원고등학교),055-310-3200,http://gwon-h.gne.go.kr/,남여공학,055-327-1506,자율고,N,일반계,,전기,주간,19980301,19980301,20211216
S10,경상남도교육청,9010041,김해고등학교,,고등학교,경상남도,경상남도교육청,공립,50934 ,경상남도 김해시 활천로24번길 29,(삼정동/ 김해고등학교),055-335-3306,http://gimhae-h.gne.go.kr/,남,055-321-1491,자율고,N,일반계,,전기,주간,19740105,19740105,20211216
S10,경상남도교육청,9010282,김해대청고등학교,Gimhae Daecheong High School,고등학교,경상남도,경상남도교육청,공립,51003 ,경상남도 김해시 번화1로 7,(대청동/ 대청고등학교),055-310-5123,http://ghdaecheong-h.gne.go.kr/,남여공학,055-310-5103,일반고,N,일반계,,전기,주간,20030301,20030301,20211216
S10,경상남도교육청,9010281,김해분성고등학교,,고등학교,경상남도,경상남도교육청,공립,50899 ,경상남도 김해시 가야로147번길 29,(삼계동/김해분성고등학교),055-331-2150,http://www.bunsung.hs.kr,남,055-331-2156,일반고,N,일반계,,전기,주간,20030104,20030506,20211216
S10,경상남도교육청,9010294,김해분성여자고등학교,Gimhae Bunseong Girl`s High School,고등학교,경상남도,경상남도교육청,공립,50899 ,경상남도 김해시 삼계로 171,(삼계동),055-340-8600,http://khbsg-h.gne.go.kr,여,055-331-9251,일반고,N,일반계,,전기,주간,20040301,20040301,20211216
S10,경상남도교육청,9010295,김해삼문고등학교,GimhaeSammoon High School,고등학교,경상남도,경상남도교육청,공립,50986 ,경상남도 김해시 번화1로 127,(삼문동/ 김해삼문고등학교),055-312-0157,http://sammoon-h.gne.go.kr,남여공학,055-312-0159,일반고,N,일반계,,전기,주간,20040301,20040301,20211216
S10,경상남도교육청,9010346,김해삼방고등학교,Gimhae Sambang High School,고등학교,경상남도,경상남도교육청,공립,50811 ,경상남도 김해시 신어산길 17,/ 삼방고등학교 (삼방동),055-312-8322,http://ghsambang-h.gne.go.kr,남여공학,055-312-8325,일반고,N,일반계,,전기,주간,20080301,20080301,20211216
S10,경상남도교육청,9010327,김해생명과학고등학교,,고등학교,경상남도,경상남도교육청,공립,50894 ,경상남도 김해시 금관대로 1239,(외동/김해생명과학고등학교),055-720-0000,kimhae-agh-h.gne.go.kr,남여공학,055-720-0009,특성화고,N,전문계,,전기,주간,19270402,19270505,20211216
S10,경상남도교육청,9010537,김해수남고등학교,Gimhaesunam High School,고등학교,경상남도,경상남도교육청,공립,51017 ,경상남도 김해시 율하로 381,(율하동/ 김해수남고등학교),055-724-9350,http://ghsunam-h.gne.go.kr/,남여공학,055-724-9354,일반고,N,일반계,,전기,주간,20170301,20170301,20211216
S10,경상남도교육청,9010042,김해여자고등학교,,고등학교,경상남도,경상남도교육청,공립,50917 ,경상남도 김해시 향교길 9,(대성동),055-310-3500,kumbul-h.gne.go.kr,여,055-336-8084,일반고,N,일반계,,전기,주간,19550620,19550620,20211216
S10,경상남도교육청,9010321,김해영운고등학교,,고등학교,경상남도,경상남도교육청,공립,50811 ,경상남도 김해시 인제로284번길 33,/ 김해영운고등학교 (삼방동),055-310-7300,http://ghyeongun-h.gne.go.kr,남여공학,055-314-5924,일반고,N,일반계,,전기,주간,20060303,20060605,20211216
S10,경상남도교육청,9010322,김해외국어고등학교,Gimhae Foreign Language High School,고등학교,경상남도,경상남도교육청,공립,51021 ,경상남도 김해시 율하로 266,(율하동/ 김해외국어고등학교),055-312-1280,http://gimfl-h.gne.go.kr,남여공학,055-313-3228,특목고,N,일반계,외국어계열,전기,주간,20060301,20060301,20211216
S10,경상남도교육청,9010431,김해율하고등학교,Gimhae Yulha High School,고등학교,경상남도,경상남도교육청,공립,51014 ,경상남도 김해시 율하1로 21,(율하동),055-323-1909,gimhaeyulha-h.gne.go.kr,남여공학,055-323-1904,일반고,N,일반계,,전기,주간,20110301,20110301,20211216
S10,경상남도교육청,9010462,김해임호고등학교,Gimhaeimho high school,고등학교,경상남도,경상남도교육청,공립,50886 ,경상남도 김해시 분성로3번길 77,/ 김해임호고등학교 (외동),055-310-6300,http://khimho-h.gne.go.kr/,남,055-322-1901,일반고,N,일반계,,전기,주간,20120301,20120413,20211216
S10,경상남도교육청,9010430,김해제일고등학교,Gimhae Jeil High School,고등학교,경상남도,경상남도교육청,공립,50886 ,경상남도 김해시 분성로3번길 105,(외동/ 김해제일고등학교),055-329-6011,http://gimhaejeil-h.gne.go.kr,남여공학,055-724-2011,자율고,N,일반계,,전기,주간,20110301,20110301,20211216
S10,경상남도교육청,9010087,김해중앙여자고등학교,Gimhae Jungang Girls` High School,고등학교,경상남도,경상남도교육청,사립,50922 ,경상남도 김해시 분성로376번길 21-22,(동상동/김해중앙여자고등학교),055-324-2724,http://ghja-h.gne.go.kr/,여,055-324-2726,일반고,N,일반계,,전기,주간,19951115,19951115,20211216
S10,경상남도교육청,9010241,김해한일여자고등학교,Gimhae Hanil Girls` High School,고등학교,경상남도,경상남도교육청,사립,50824 ,경상남도 김해시 삼안로112번길 1,(안동/ 김해한일여자고등학교),1600-6992,http://khanil-h.gne.go.kr/,여,055-336-8249,특성화고,N,전문계,,전기,주간,19790221,19790330,20211216
S10,경상남도교육청,9010088,남지고등학교,,고등학교,경상남도,경상남도교육청,사립,50355 ,경상남도 창녕군 남지읍 남고길 11,(남지읍),055-526-2010,http://namji-h.gne.go.kr/,남여공학,055-526-1516,일반고,N,일반계,,전기,주간,19520526,19520526,20211216
S10,경상남도교육청,9010089,남해고등학교,,고등학교,경상남도,경상남도교육청,사립,52431 ,경상남도 남해군 이동면 무림로 46-2,(이동면/남해고등학교),055-862-4521,www.namhae.hs.kr,남여공학,055-863-0219,일반고,N,일반계,,전기,주간,19651231,19651231,20211216
S10,경상남도교육청,9010132,남해정보산업고등학교,,고등학교,경상남도,경상남도교육청,공립,52404 ,경상남도 남해군 고현면 탑동로 46,(고현면/ 남해정보산업고등학교),055-862-3123,http://namhaei-h.gne.go.kr/,남여공학,055-863-3124,특성화고,N,전문계,,전기,주간,19681120,19681120,20211216
S10,경상남도교육청,9010229,남해제일고등학교,,고등학교,경상남도,경상남도교육청,공립,52413 ,경상남도 남해군 남해읍 남해대로 2800-11,남해제일고등학교,055-862-0168,www.namhae11.hs.kr,남여공학,055-864-3916,일반고,N,일반계,,전기,주간,19320301,19320501,20211216
S10,경상남도교육청,9010090,남해해성고등학교,Namhae Haesung High School,고등학교,경상남도,경상남도교육청,사립,52434 ,경상남도 남해군 남면 남면로1835번길 8-4,(남면/ 해성고등학교/해성중학교),055-862-7723,http://nhaesung-h.gne.go.kr/,남여공학,055-862-7727,일반고,N,일반계,,전기,주간,19721213,19721213,20211216
S10,경상남도교육청,9010135,단성고등학교,,고등학교,경상남도,경상남도교육청,공립,52248 ,경상남도 산청군 단성면 강누방목로 2,(단성면),055-973-6380,http://danseong-h.gne.go.kr,남여공학,055-973-6384,일반고,N,일반계,,전기,주간,19690819,19700319,20211216
S10,경상남도교육청,9010044,대곡고등학교,,고등학교,경상남도,경상남도교육청,공립,52605 ,경상남도 진주시 대곡면 남강로2438번길 39,/ 대곡고등학교 (대곡면/ 대곡고등학교),055-746-6385,http://daegok-h.gne.go.kr,남여공학,055-746-6388,일반고,N,일반계,,전기,주간,19670120,19670120,20211216
S10,경상남도교육청,9010398,대성일고등학교,Dae Seong Il High School,고등학교,경상남도,경상남도교육청,사립,50130 ,경상남도 거창군 거창읍 거열로7길 57,(거창읍),055-943-6823,http://kcds-h.gne.go.kr,남여공학,055-943-6826,일반고,N,일반계,,전기,주간,19740105,19740302,20211216
S10,경상남도교육청,9010091,대아고등학교,,고등학교,경상남도,경상남도교육청,사립,52669 ,경상남도 진주시 서장대로185번길 14,(이현동/대아중고등학교),055-746-0054, http://daea-h.gne.go.kr/daea-h/main.do,남,055-746-0464,일반고,N,일반계,,전기,주간,19660122,19660122,20211216
S10,경상남도교육청,9010045,덕산고등학교,Deoksan High School,고등학교,경상남도,경상남도교육청,공립,52239 ,경상남도 산청군 시천면 남명로159번길 1,/ 덕산고등학교 (시천면),055-973-4814,http://deoksan-h.gne.go.kr,남여공학,055-973-4815,일반고,N,일반계,,후기,주간,19820305,19811231,20211216
S10,경상남도교육청,9010463,동원고등학교,Dong Won High School,고등학교,경상남도,경상남도교육청,사립,53021 ,경상남도 통영시 광도면 용호로 12-29,(광도면/ 동원중.고등학교),055-645-3327,http://dongwon-hs.gne.go.kr,남여공학,055-645-2025,일반고,N,일반계,,전기,주간,19480814,19480814,20211216
S10,경상남도교육청,9010046,마산가포고등학교,Masan Gapo High School,고등학교,경상남도,경상남도교육청,공립,51755 ,경상남도 창원시 마산합포구 가포로 262,(가포동/가포고등학교),055-240-3602,http://msgapo-h.gne.go.kr,남여공학,055-240-3607,일반고,N,일반계,,전기,주간,19960223,19960223,20211216
S10,경상남도교육청,9010047,마산고등학교,,고등학교,경상남도,경상남도교육청,공립,51259 ,경상남도 창원시 마산합포구 심온길 33,(완월동/ 마산고등학교),055-240-3509,http://masan-h.gne.go.kr,남,055-240-3505,자율고,N,일반계,,전기,주간,19360316,19360411,20211216
S10,경상남도교육청,9010191,마산고등학교부설방송통신고등학교,Air and Correspondence High School affiliated to Masan High school,방송통신고등학교,경상남도,경상남도교육청,공립,51259 ,경상남도 창원시 마산합포구 심온길 33,(완월동/ 마산고등학교 부설 방송통신고등학교),055-240-3591,http://cyber.hs.kr/masan/,남여공학,055-240-3505,일반고,N,일반계,,전기,주간,19741231,19741231,20211216
S10,경상남도교육청,9010165,마산공업고등학교,,고등학교,경상남도,경상남도교육청,사립,51353 ,경상남도 창원시 마산회원구 학교단지로 53,/ 마산공업고등학교 (합성동),055-255-1314,http://magong-h.gne.go.kr,남,055-294-8864,특성화고,N,전문계,,전기,주간,19500519,19500519,20211216
S10,경상남도교육청,9010048,마산구암고등학교,,고등학교,경상남도,경상남도교육청,공립,51351 ,경상남도 창원시 마산회원구 팔용로 220,(구암동/ 마산구암고등학교),055-297-1393, http://masanguam-h.gne.go.kr/,남여공학,055-297-8224,일반고,N,일반계,,전기,주간,19971008,19971008,20211216
S10,경상남도교육청,9010296,마산내서여자고등학교,,고등학교,경상남도,경상남도교육청,공립,51226 ,경상남도 창원시 마산회원구 내서읍 삼풍로 133,/ 마산내서여자고등학교 (내서읍),055-231-7300,http://msnsg-h.gne.go.kr/,여,055-231-2783,일반고,N,일반계,,전기,주간,20040301,20040406,20211216
S10,경상남도교육청,9010237,마산무학여자고등학교,,고등학교,경상남도,경상남도교육청,사립,51324 ,경상남도 창원시 마산회원구 회원동33길 17,(회원동/ 마산무학여자고등학교),055-241-3011,http://muhak-g-h.gne.go.kr,여,055-247-3055,일반고,N,일반계,,전기,주간,19720124,19720124,20211216
S10,경상남도교육청,9010242,마산삼진고등학교,,고등학교,경상남도,경상남도교육청,사립,51793 ,경상남도 창원시 마산합포구 진동면 삼진의거대로 661-13,(진동면/ 삼진고등학교),055-271-2171,http://samjin-h.gne.go.kr,남여공학,055-271-8843,일반고,N,일반계,,전기,주간,19730310,19730310,20211216
S10,경상남도교육청,9010049,마산여자고등학교,,고등학교,경상남도,경상남도교육청,공립,51267 ,경상남도 창원시 마산합포구 고운로 157,(완월동/마산여자고등학교),055-249-3300,http://masanyeo-h.gne.go.kr/,여,055-247-6501,일반고,N,일반계,,전기,주간,19150221,19150221,20211216
S10,경상남도교육청,9010273,마산용마고등학교,Yongma High School,고등학교,경상남도,경상남도교육청,공립,51334 ,경상남도 창원시 마산합포구 허당로 51,(산호동/ 마산용마고등학교),055-245-8071,msyongma-h.gne.go.kr,남,055-246-2410,일반고,N,일반계,,전기,주간,19220425,19220501,20211216
S10,경상남도교육청,9010092,마산제일고등학교,Masan Jeil High School,고등학교,경상남도,경상남도교육청,사립,51217 ,경상남도 창원시 마산회원구 내서읍 함마대로 2610,/ 마산제일고등학교 (내서읍),055-232-3210,http://masanjeil-h.gne.go.kr,남,055-232-3214,일반고,N,일반계,,전기,주간,19841210,19841210,20211216
S10,경상남도교육청,9010093,마산제일여자고등학교,,고등학교,경상남도,경상남도교육청,사립,51759 ,경상남도 창원시 마산합포구 고운로 65,(문화동),055-242-3421,http://msjeil-h.gne.go.kr,여,055-221-0218,일반고,N,일반계,,전기,주간,19521030,19470510,20211216
S10,경상남도교육청,9010094,마산중앙고등학교,,고등학교,경상남도,경상남도교육청,사립,51759 ,경상남도 창원시 마산합포구 고운로 103,(신월동/ 마산중앙고등학교),055-246-9350,http://msja-h.gne.go.kr,남,055-222-1804,일반고,N,일반계,,전기,주간,19740105,19740105,20211216
S10,경상남도교육청,9010267,명덕고등학교,,고등학교,경상남도,경상남도교육청,사립,52043 ,경상남도 함안군 가야읍 고분길 107,(가야읍/ 명덕고등학교/함안여자중학교),055-583-2141,http://myeongdeok-h.gne.go.kr,남여공학,055-582-6717,일반고,N,일반계,,전기,주간,19660330,19660330,20211216
S10,경상남도교육청,9010050,명신고등학교,Myungshin High School,고등학교,경상남도,경상남도교육청,공립,52732 ,경상남도 진주시 대신로 614,(초전동/ 명신고등학교),055-753-0011,myungshin-h.gne.go.kr,남,055-761-0602,일반고,N,일반계,,전기,주간,19830419,19830419,20211216
S10,경상남도교육청,9010333,물금고등학교,,고등학교,경상남도,경상남도교육청,공립,50605 ,경상남도 양산시 물금읍 신주1길 20,(물금읍),055-382-1701,mulgeum-h.gne.go.kr/,남여공학,055-382-1709,일반고,N,일반계,,전기,주간,20060302,20060301,20211216
S10,경상남도교육청,9010095,밀성고등학교,Milseong High School,고등학교,경상남도,경상남도교육청,사립,50422 ,경상남도 밀양시 석정로 127,/ 밀성고등학교 (내이동),055-354-3084,http://milseong-h.gne.go.kr/,남여공학,055-352-3089,일반고,N,일반계,,전기,주간,19530701,19530421,20211216
S10,경상남도교육청,9010329,밀성제일고등학교,Milseongjeil High School,고등학교,경상남도,경상남도교육청,사립,50422 ,경상남도 밀양시 밀양대로 2078,/ 밀성제일고등학교 (내이동),055-353-5204,http://msji-h.gne.go.kr/,여,055-356-3007,특성화고,N,전문계,,전기,주간,19740105,19740105,20211216
S10,경상남도교육청,9010051,밀양고등학교,,고등학교,경상남도,경상남도교육청,공립,50423 ,경상남도 밀양시 약산로 15,(내이동/ 밀양고등학교),055-353-6741,http://milgo-h.gne.go.kr,남,055-355-4721,일반고,N,일반계,,전기,주간,19710109,19710109,20211216
S10,경상남도교육청,9010244,밀양동명고등학교,Miryang DongMyung High School,고등학교,경상남도,경상남도교육청,사립,50460 ,경상남도 밀양시 하남읍 동명길 14,(하남읍/ 동명중고등학교),055-391-5388,http://mdm-h.gne.go.kr,남여공학,055-391-6199,일반고,N,일반계,,전기,주간,19660111,19660111,20211216
S10,경상남도교육청,9010052,밀양여자고등학교,Miryang Girls` High School,고등학교,경상남도,경상남도교육청,공립,50429 ,경상남도 밀양시 내일중앙길 10,(내일동/ 밀양여자고등학교),055-354-2107,http://milyeogo-h.gne.go.kr/,여,055-356-7335,일반고,N,일반계,,전기,주간,19540617,19540617,20211216
S10,경상남도교육청,9010433,범어고등학교,Beomeo High School,고등학교,경상남도,경상남도교육청,공립,50607 ,경상남도 양산시 물금읍 신주로 88,(물금읍),055-364-6740,http://beomeo-h.gne.go.kr,남여공학,055-364-6749,일반고,N,일반계,,전기,주간,20110301,20110607,20211216
S10,경상남도교육청,9010096,보광고등학교, ,고등학교,경상남도,경상남도교육청,사립,50503 ,경상남도 양산시 하북면 신평로 46,(하북면),055-382-6650,http://bokwang-h.gne.go.kr,남여공학,0504-984-3300,일반고,N,일반계,,전기,주간,19751114,19751114,20211216
S10,경상남도교육청,9010097,사천고등학교,,고등학교,경상남도,경상남도교육청,사립,52517 ,경상남도 사천시 사천읍 동문로 95,(사천읍/사천고등학교),055-855-1206,sacheon-h.gne.go.kr,남여공학,055-852-1690,일반고,N,일반계,,전기,주간,19850305,19840430,20211216
S10,경상남도교육청,9010306,사천여자고등학교,Sacheon Girls High School,고등학교,경상남도,경상남도교육청,사립,52518 ,경상남도 사천시 사천읍 옥산로 47,(사천읍/ 사천여자고등학교),055-852-2614,scgh-h.gne.go.kr,여,055-852-0903,특성화고,N,전문계,,전기,주간,19661230,19670407,20211216
S10,경상남도교육청,9010138,산청고등학교,Sancheong High School,고등학교,경상남도,경상남도교육청,공립,52226 ,경상남도 산청군 산청읍 웅석봉로86번길 9-12,(산청읍),055-973-0781,http://sancheong-h.gne.go.kr,남여공학,055-972-0783,일반고,N,일반계,,전기,주간,20180301,20180301,20211216
S10,경상남도교육청,9010053,삼가고등학교,,고등학교,경상남도,경상남도교육청,공립,50219 ,경상남도 합천군 삼가면 봉두길 5,(삼가면),055-932-4695,http://samga-h.gne.go.kr,남여공학,055-932-4697,일반고,N,일반계,,전기,주간,19720114,19720302,20211216
S10,경상남도교육청,9010098,삼랑진고등학교,Samnangjin High School,고등학교,경상남도,경상남도교육청,사립,50467 ,경상남도 밀양시 삼랑진읍 만어로 16,(삼랑진읍/삼랑진고등학교),055-353-9701,http://samgo-h.gne.go.kr,남여공학,055-353-9903,일반고,N,일반계,,전기,주간,19850108,19850108,20211216
S10,경상남도교육청,9010099,삼천포고등학교,,고등학교,경상남도,경상남도교육청,사립,52551 ,경상남도 사천시 벌리6길 77,(벌리동/ 삼천포중고등학교),055-835-4680,samcheonpo-h.gne.go.kr,남,055-835-4686,일반고,N,일반계,,전기,주간,19521019,19521029,20211216
S10,경상남도교육청,9010139,삼천포공업고등학교,,고등학교,경상남도,경상남도교육청,공립,52561 ,경상남도 사천시 신항로 63,(동금동/ 삼천포공업고등학교),055-834-8602,http://samgong-h.gne.go.kr,남여공학,055-834-8603,특목고,N,전문계,산업수요 맞춤형 고등학교,전기,주간,19671005,19671005,20211216
S10,경상남도교육청,9010247,삼천포여자고등학교,Samcheonpo girls high school,고등학교,경상남도,경상남도교육청,사립,52560 ,경상남도 사천시 삼상로 19,/ 삼천포여자고등학교 (동금동),055-833-1264,http://samcheonpoyeo-h.gne.go.kr,여,055-835-1264,일반고,N,일반계,,전기,주간,19530415,19530918,20211216
S10,경상남도교육청,9010054,삼천포중앙고등학교,,고등학교,경상남도,경상남도교육청,공립,52550 ,경상남도 사천시 삼상로 145,(벌리동/ 삼천포중앙고등학교),055-833-2716,scpjungang-h.gne.go.kr,남여공학,055-833-2736,일반고,N,일반계,,전기,주간,19910112,19910503,20211216
S10,경상남도교육청,9010100,삼현여자고등학교,,고등학교,경상남도,경상남도교육청,사립,52805 ,경상남도 진주시 돗골로 95,(상평동),055-752-5410,samhyun-h.gne.go.kr,여,055-758-2147,일반고,N,일반계,,전기,주간,19711217,19720308,20211216
S10,경상남도교육청,9010305,서상고등학교,,고등학교,경상남도,경상남도교육청,공립,50003 ,경상남도 함양군 서상면 서상로 232-1,(서상면),055-963-0305,http://seosang-h.gne.go.kr/seosang-h/main.do,남여공학,055-963-5380,일반고,N,일반계,,전기,주간,19730305,19730426,20211216
S10,경상남도교육청,9010347,서창고등학교,Seochang High School,고등학교,경상남도,경상남도교육청,공립,50527 ,경상남도 양산시 삼호동부로 125,(삼호동/ 서창고등학교),055-785-2501,http://sc-h.gne.go.kr/,남여공학,055-785-2506,일반고,N,일반계,,전기,주간,20080301,20080301,20211216
S10,경상남도교육청,9010172,선명여자고등학교,Sun myung Girls` High School,고등학교,경상남도,경상남도교육청,사립,52651 ,경상남도 진주시 남강로 51-25,/ 선명여자고등학교 (평거동),055-747-5490,http://sunmyung-h.gne.go.kr/sunmyung-h/main.do,여,055-747-5497,특성화고,N,전문계,,전기,주간,19660117,19660117,20211216
S10,경상남도교육청,9010101,성지여자고등학교,Sungji Girls` High School,고등학교,경상남도,경상남도교육청,사립,51263 ,경상남도 창원시 마산합포구 완월남로 20,(완월동/ 성지여자중고등학교),055-240-8880, http://sungji-h.gne.go.kr/,여,055-223-6530,일반고,N,일반계,,전기,주간,19520415,19520415,20211216
S10,경상남도교육청,9010102,세종고등학교,,고등학교,경상남도,경상남도교육청,사립,50444 ,경상남도 밀양시 가곡8길 28,(가곡동/ 세종중고등학교),055-356-7983,http://sejong-h.gne.go.kr,남여공학,055-356-7990,일반고,N,일반계,,전기,주간,19521027,19521027,20211216
S10,경상남도교육청,9010056,신등고등학교,,고등학교,경상남도,경상남도교육청,공립,52253 ,경상남도 산청군 신등면 신등가회로 125,(신등면/ 신등중고등학교),055-973-7724,http://sindeung-mh.gne.go.kr/,남여공학,055-973-4044,일반고,N,일반계,,전기,주간,19671005,19671005,20211216
S10,경상남도교육청,9010223,신반정보고등학교,,고등학교,경상남도,경상남도교육청,공립,52105 ,경상남도 의령군 부림면 한지28길 8,/ 신반정보고등학교 (부림면/강당),055-574-6414,sinban-h.gne.go.kr,남여공학,055-574-6467,특성화고,N,전문계,,전기,주간,19671107,19671107,20211216
S10,경상남도교육청,9010350,아림고등학교,Arim High School,고등학교,경상남도,경상남도교육청,공립,50147 ,경상남도 거창군 거창읍 정장길 19,/ 아림고등학교 (거창읍),055-942-3711,arim-h.gne.go.kr,남여공학,055-942-1791,일반고,N,일반계,,전기,주간,19290420,19290420,20211216
S10,경상남도교육청,9010233,안의고등학교,Anui High School,고등학교,경상남도,경상남도교육청,공립,50010 ,경상남도 함양군 안의면 안의배움길 30,/ 안의고등학교 (안의면),055-962-0559,http://anui-h.gne.go.kr,남여공학,055-962-2094,일반고,N,일반계,,전기,주간,19510830,19511001,20211216
S10,경상남도교육청,9010057,야로고등학교,,고등학교,경상남도,경상남도교육청,공립,50206 ,경상남도 합천군 야로면 역산길 13,(야로면/야로고등학교),055-932-6785,http://yaro-h.gne.go.kr,남여공학,055-932-5748,일반고,N,일반계,,전기,주간,19711227,19711227,20211216
S10,경상남도교육청,9010058,양산고등학교,Yangsan High School,고등학교,경상남도,경상남도교육청,공립,50617 ,경상남도 양산시 호국학도병길 2,(북부동),055-384-9502,http://www.yangsan-h.gne.go.kr,남,055-384-9501,자율고,N,일반계,,전기,주간,19390331,19390331,20211216
S10,경상남도교육청,9010283,양산남부고등학교,,고등학교,경상남도,경상남도교육청,공립,50630 ,경상남도 양산시 양주로 7,(남부동),055-382-1061,http://ysnambu-h.gne.go.kr,남여공학,055-382-1069,일반고,N,일반계,,전기,주간,20021227,20030301,20211216
S10,경상남도교육청,9010300,양산여자고등학교,Yangsan Girls High School,고등학교,경상남도,경상남도교육청,사립,50593 ,경상남도 양산시 교동1길 21,(교동),055-384-2415,http://yangsan-g-h.gne.go.kr,여,055-387-7894,일반고,N,일반계,,전기,주간,19720120,19720120,20211216
S10,경상남도교육청,9010299,양산제일고등학교,,고등학교,경상남도,경상남도교육청,사립,50593 ,경상남도 양산시 회현1길 36,/ 양산제일고등학교 (교동),055-387-7896,http://ysjeil-h.gne.go.kr,남여공학,055-387-0509,일반고,N,일반계,,전기,주간,19940301,19940301,20211216
S10,경상남도교육청,9010432,연초고등학교,Yeoncho High School,고등학교,경상남도,경상남도교육청,공립,53209 ,경상남도 거제시 연초면 연사1길 40,(연초면/ 연초고등학교),055-636-9804,http://www.yeoncho.hs.kr,남여공학,055-636-9806,일반고,N,일반계,,전기,주간,20110301,20110301,20211216
S10,경상남도교육청,9010060,영산고등학교,Yeongsan High School,고등학교,경상남도,경상남도교육청,공립,50343 ,경상남도 창녕군 영산면 영산새싹길 13,(영산면/ 영산고등학교),055-536-0073,http://youngsan-h.gne.go.kr,남여공학,055-536-4271,일반고,N,일반계,,전기,주간,19510901,19510901,20211216
S10,경상남도교육청,9010061,옥종고등학교,,고등학교,경상남도,경상남도교육청,공립,52313 ,경상남도 하동군 옥종면 옥수로 4-9,(옥종면/옥종고등학교),055-882-8100,okjong-h.gne.go.kr,남여공학,055-884-6265,일반고,N,일반계,,전기,주간,19730306,19730306,20211216
S10,경상남도교육청,9010106,용남고등학교,,고등학교,경상남도,경상남도교육청,사립,52537 ,경상남도 사천시 용현면 선진길 24,/ 용남고등학교 (용현면),055-854-4283,http://yongnam-h.gne.go.kr/,남여공학,055-854-3155,일반고,N,일반계,,전기,주간,19671005,19680305,20211216
S10,경상남도교육청,9010221,웅상고등학교,Ungsang High School,고등학교,경상남도,경상남도교육청,공립,50541 ,경상남도 양산시 배움터길 36,(평산동),055-367-8541,http://ungsang-h.gne.go.kr,남여공학,055-367-8540,일반고,N,일반계,,전기,주간,19970912,19970912,20211216
S10,경상남도교육청,9010464,웅천고등학교,Woong Cheon High School,고등학교,경상남도,경상남도교육청,공립,51621 ,경상남도 창원시 진해구 웅천중로 71,(성내동/ 웅천고등학교),055-541-3909,http://woongcheon-h.gne.go.kr/,남여공학,055-541-3911,자율고,N,일반계,,전기,주간,19550620,19550620,20211216
S10,경상남도교육청,9010222,의령고등학교,,고등학교,경상남도,경상남도교육청,공립,52146 ,경상남도 의령군 의령읍 백산로3길 4,(의령읍),055-573-2383,http://uiryeong-h.gne.go.kr,남,055-573-7653,일반고,N,일반계,,전기,주간,19520330,19520427,20211216
S10,경상남도교육청,9010108,의령여자고등학교,,고등학교,경상남도,경상남도교육청,사립,52137 ,경상남도 의령군 가례면 의병로 67,(가례면),055-573-2483,http://uryeo-h.gne.go.kr/,여,055-573-2484,일반고,N,일반계,,전기,주간,19661230,19661230,20211216
S10,경상남도교육청,9010260,장유고등학교,Jangyu High School,고등학교,경상남도,경상남도교육청,공립,50980 ,경상남도 김해시 월산로 77,(부곡동/장유고등학교),055-310-7914,http://jangyu-h.gne.go.kr,남여공학,055-313-0138,일반고,N,일반계,,전기,주간,20010104,20010104,20211216
S10,경상남도교육청,9010298,지리산고등학교,,고등학교,경상남도,경상남도교육청,사립,52246 ,경상남도 산청군 단성면 덕천로 772,(단성면/ 지리산고등학교),055-973-9723,http://jirisan-h.gne.go.kr,남여공학,055-974-1723,특성화고,N,해당없음,,전기,주간,20031031,20040301,20211216
S10,경상남도교육청,9010231,진교고등학교,,고등학교,경상남도,경상남도교육청,공립,52345 ,경상남도 하동군 진교면 민다리길 179,(진교면),055-882-3164,http://jingyo-h.gne.go.kr/,남여공학,055-883-5376,일반고,N,일반계,,전기,주간,19260424,19511003,20211216
S10,경상남도교육청,9010062,진서고등학교,,고등학교,경상남도,경상남도교육청,공립,52645 ,경상남도 진주시 수곡면 옥수로 625,(수곡면/ 진서중고등학교),055-754-5039,jinseo-m.gne.go.kr,남여공학,055-754-5016,일반고,N,일반계,,전기,주간,19811125,19820518,20211216
S10,경상남도교육청,9010063,진양고등학교,Jinyang High School,고등학교,경상남도,경상남도교육청,공립,52853 ,경상남도 진주시 충의로100번길 12,(충무공동),055-761-4011,http://jinyang-h.gne.go.kr/,남여공학,055-761-7842,자율고,N,일반계,,전기,주간,19520527,19520527,20211216
S10,경상남도교육청,9010227,진영고등학교,Jinyeong High School,고등학교,경상남도,경상남도교육청,공립,50865 ,경상남도 김해시 진영읍 여래로20번길 35,(진영읍/ 진영고등학교),055-344-2700,http://jinyoung-h.gne.go.kr/,남여공학,055-343-3772,일반고,N,일반계,,전기,주간,19660315,19660315,20211216
S10,경상남도교육청,9010226,진영제일고등학교,,고등학교,경상남도,경상남도교육청,공립,50864 ,경상남도 김해시 진영읍 진영로265번길 9-4,(진영읍/진영제일고등학교),055-343-5411,http://jyjeil-h.gne.go.kr,남여공학,055-343-4550,특성화고,N,전문계,,전기,주간,19300609,19300609,20211216
S10,경상남도교육청,9010064,진주고등학교,Jinju High School,고등학교,경상남도,경상남도교육청,공립,52747 ,경상남도 진주시 의곡길 29,(상봉동/ 진주고등학교),055-741-2611,http://jinju-h.gne.go.kr/,남,055-746-5902,자율고,N,일반계,,전기,주간,19250424,19250424,20211216
S10,경상남도교육청,9010192,진주고등학교부설방송통신고등학교, ,방송통신고등학교,경상남도,경상남도교육청,공립,52747 ,경상남도 진주시 의곡길 29,(상봉동/진주고등학교),055-746-2613,http://www.cyber.hs.kr,남여공학,055-746-5902,일반고,N,일반계,,전기,주간,19750406,19750406,20211216
S10,경상남도교육청,9010147,진주기계공업고등학교,Jinju Mechanical Technical High School,고등학교,경상남도,경상남도교육청,공립,52807 ,경상남도 진주시 공단로43번길 25,(상평동/ 진주기계공업고등학교),055-752-1801, http://jinju-mt-h.gne.go.kr/,남여공학,055-757-3143,특성화고,N,전문계,,전기,주간,19620327,19620327,20211216
S10,경상남도교육청,9010109,진주동명고등학교,Jinju Dongmyeong High School,고등학교,경상남도,경상남도교육청,사립,52733 ,경상남도 진주시 대신로 454-25,(초전동/ 진주동명고등학교),055-752-4392,http://jdmhs-h.gne.go.kr/,남,055-757-7060,일반고,N,일반계,,전기,주간,19520511,19520511,20211216
S10,경상남도교육청,9010065,진주여자고등학교,,고등학교,경상남도,경상남도교육청,공립,52746 ,경상남도 진주시 창렬로 185,(상봉동),055-749-3410,http://ilsin-h.gne.go.kr,여,055-746-0324,일반고,N,일반계,,전기,주간,19250425,19250425,20211216
S10,경상남도교육청,9010177,진주외국어고등학교,,고등학교,경상남도,경상남도교육청,사립,52616 ,경상남도 진주시 일반성면 동부로 2014-6,(일반성면/ 진주외국어고등학교),055-761-7566,jinju-f-h.gne.go.kr,남여공학,055-761-7567,일반고,N,일반계,,전기,주간,19701226,19701226,20211216
S10,경상남도교육청,9010110,진주제일여자고등학교,,고등학교,경상남도,경상남도교육청,사립,52761 ,경상남도 진주시 하대로34번길 11-9,/   (하대동/ 진주제일여자고등학교),055-755-0772,http://jjfirst-h.gne.go.kr,여,055-757-6393,일반고,N,일반계,,전기,주간,19840430,19840430,20211216
S10,경상남도교육청,9010279,진주중앙고등학교,,고등학교,경상남도,경상남도교육청,공립,52762 ,경상남도 진주시 하대로 59,(하대동/진주중앙고등학교),055-754-0378,http://jjja-h.gne.go.kr,남여공학,055-754-0379,일반고,N,일반계,,전기,주간,20020301,20020301,20211216
S10,경상남도교육청,9010066,진해고등학교,,고등학교,경상남도,경상남도교육청,공립,51695 ,경상남도 창원시 진해구 여좌로 100,(여좌동/ 진해고등학교),055-546-2361,http://jinhae-h.gne.go.kr/,남,055-545-2890,일반고,N,일반계,,전기,주간,19440420,19440420,20211216
S10,경상남도교육청,9010265,진해세화여자고등학교,,고등학교,경상남도,경상남도교육청,사립,51581 ,경상남도 창원시 진해구 병암북로4번길 41,(석동/ 진해세화여자고등학교),055-545-3111,http://jhsehwayeo-h.gne.go.kr,여,055-545-3117,일반고,N,일반계,,전기,주간,19550317,19550504,20211216
S10,경상남도교육청,9010067,진해여자고등학교,,고등학교,경상남도,경상남도교육청,공립,51691 ,경상남도 창원시 진해구 여좌남로 23,(여좌동/진해여자고등학교),055-541-6911,http://jinhaegirls-h.gne.go.kr/,여,055-541-6913,일반고,N,일반계,,전기,주간,19221129,19230429,20211216
S10,경상남도교육청,9010320,진해용원고등학교,,고등학교,경상남도,경상남도교육청,공립,51604 ,경상남도 창원시 진해구 용재로77번길 8,(용원동),055-541-1171,http://yongwon-h.gne.go.kr,남여공학,055-541-1175,일반고,N,일반계,,전기,주간,20060301,20060301,20211216
S10,경상남도교육청,9010252,진해중앙고등학교,JINHAE JOONGANG HIGH SCHOOL,고등학교,경상남도,경상남도교육청,사립,51581 ,경상남도 창원시 진해구 병암북로 9,/ 진해중앙고등학교 (경화동),055-542-3303,http://jhja-h.gne.go.kr,남,055-545-3375,일반고,N,일반계,,전기,주간,19741227,19741227,20211216
S10,경상남도교육청,9010111,창녕고등학교,Changnyeong High School,고등학교,경상남도,경상남도교육청,사립,50318 ,경상남도 창녕군 대지면 우포2로 1180-20,(대지면/ 창녕고등학교),055-533-4175,http://changnyeong-h.gne.go.kr,남,055-532-6930,일반고,N,일반계,,전기,주간,19821023,19821023,20211216
S10,경상남도교육청,9010180,창녕공업고등학교,Changnyeong technical High School,고등학교,경상남도,경상남도교육청,사립,50315 ,경상남도 창녕군 고암면 창밀로 286,(고암면/창녕공업고등학교),055-533-1889,http://cths-h.gne.go.kr ,남여공학,055-533-1885,특성화고,N,전문계,,전기,주간,19701014,19720321,20211216
S10,경상남도교육청,9010253,창녕대성고등학교,Changnyeong Daeseong High School,고등학교,경상남도,경상남도교육청,사립,50308 ,경상남도 창녕군 대합면 신안길 17,(대합면/대성중.고등학교),055-532-2216,http://cnds-h.gne.go.kr,남여공학,055-532-4399,일반고,N,일반계,,전기,주간,19771216,19780304,20211216
S10,경상남도교육청,9010570,창녕슈퍼텍고등학교,Changnyeong-supertech High School,고등학교,경상남도,경상남도교육청,공립,50331 ,경상남도 창녕군 창녕읍 남창녕로 36,(창녕읍),055-532-3252,http://cnsupertech-h.gne.go.kr,남여공학,055-532-3257,특성화고,N,전문계,,전기,주간,19511118,19511118,20211216
S10,경상남도교육청,9010254,창녕여자고등학교,,고등학교,경상남도,경상남도교육청,사립,50330 ,경상남도 창녕군 창녕읍 신당길 30,(창녕읍/창녕여자고등학교),055-532-1331,http://changnyeongyeo-h.gne.go.kr/,여,055-533-0901,일반고,N,일반계,,전기,주간,19661117,19661117,20211216
S10,경상남도교육청,9010330,창녕옥야고등학교,Changnyeong Okya High School,고등학교,경상남도,경상남도교육청,사립,50300 ,경상남도 창녕군 이방면 이방로 943-15,/ 창녕옥야고등학교 ,055-532-6048,ogya-h.gne.go.kr,남여공학,055-532-6047,일반고,N,일반계,,전기,주간,19671005,19671005,20211216
S10,경상남도교육청,9010255,창선고등학교,Changseon High School,고등학교,경상남도,경상남도교육청,사립,52453 ,경상남도 남해군 창선면 창선로 97-12,(창선면/ 창선고등학교),055-867-1726,http://changseon-h.gne.go.kr,남여공학,055-867-7713,일반고,N,일반계,,전기,주간,19560203,19560403,20211216
S10,경상남도교육청,9010112,창신고등학교,,고등학교,경상남도,경상남도교육청,사립,51347 ,경상남도 창원시 마산회원구 봉덕2길 106,(봉암동/ 창신고등학교),055-290-2812,http://changshin-h.gne.go.kr/,남,055-294-5012,일반고,N,일반계,,전기,주간,19090819,19080915,20211216
S10,경상남도교육청,9010113,창원경일고등학교,,고등학교,경상남도,경상남도교육청,사립,51519 ,경상남도 창원시 성산구 두대로 165,(중앙동),055-285-0450,http://gyeongil-h.gne.go.kr/,남,055-263-6141,일반고,N,일반계,,전기,주간,19851230,19851230,20211216
S10,경상남도교육청,9010297,창원경일여자고등학교,Changwon Gyeong il Girls` High School,고등학교,경상남도,경상남도교육청,사립,51519 ,경상남도 창원시 성산구 두대로 163,(내동/ 창원경일여자고등학교),055-274-0040,http://cwgyeongilg-h.gne.go.kr,여,055-274-0046,일반고,N,일반계,,전기,주간,20040301,20040301,20211216
S10,경상남도교육청,9010114,창원고등학교,,고등학교,경상남도,경상남도교육청,사립,51161 ,경상남도 창원시 의창구 태복산로 45,(도계동/ 창원중고등학교),055-237-0126,http://changwon-h.gne.go.kr,남,055-237-0127,일반고,N,일반계,,전기,주간,19781108,19781108,20211216
S10,경상남도교육청,9010183,창원공업고등학교,Changwon Technical High School,고등학교,경상남도,경상남도교육청,사립,51393 ,경상남도 창원시 의창구 사화로 410,(팔용동/ 창원공업고등학교),055-288-2864,www.changwon-t.hs.kr,남,055-288-3592,특성화고,N,전문계,,전기,주간,19660525,19660525,20211216
S10,경상남도교육청,9010429,창원과학고등학교,Changwon Science High School,고등학교,경상남도,경상남도교육청,공립,51371 ,경상남도 창원시 의창구 평산로159번길 30,(서상동),055-711-2300,http://csh-h.gne.go.kr,남여공학,055-298-0262,특목고,N,일반계,과학계열,전기,주간,20110301,20110301,20211216
S10,경상남도교육청,9010151,창원기계공업고등학교,Changwon Mechanical Technical High School,고등학교,경상남도,경상남도교육청,공립,51519 ,경상남도 창원시 성산구 두대로 219,(중앙동/ 창원기계공업고등학교),055-282-5081,http://yongzi-h.gne.go.kr,남여공학,055-289-8926,특성화고,N,전문계,,전기,주간,19761228,19770328,20211216
S10,경상남도교육청,9010115,창원남고등학교,ChangWon-Nam High School,고등학교,경상남도,경상남도교육청,사립,51508 ,경상남도 창원시 성산구 창원대로 813,(외동/ 창원남고등학교/ 창원남중학교),055-289-6955,cwnam-h.gne.go.kr,남,055-289-8155,일반고,N,일반계,,전기,주간,19741227,19741227,20211216
S10,경상남도교육청,9010068,창원남산고등학교,,고등학교,경상남도,경상남도교육청,공립,51489 ,경상남도 창원시 성산구 가음로92번길 34,(가음동/남산고등학교),055-268-0917,http://cwnamsan-h.gne.go.kr/,남여공학,055-264-6069,일반고,N,일반계,,전기,주간,19970301,19970301,20211216
S10,경상남도교육청,9010116,창원대산고등학교,Changwon Daesan High School,고등학교,경상남도,경상남도교육청,사립,51123 ,경상남도 창원시 의창구 대산면 진산대로 378,(대산면/창원대산고등학교),055-291-4331,http://cwds-h.gne.go.kr,남여공학,055-291-4797,일반고,N,일반계,,전기,주간,19540621,19540403,20211216
S10,경상남도교육청,9010309,창원대암고등학교,,고등학교,경상남도,경상남도교육청,공립,51469 ,경상남도 창원시 성산구 대암로 203,(대방동/ 창원대암고등학교),055-213-0500,http://daeam-h.gne.go.kr,남여공학,055-264-8607,일반고,N,일반계,,전기,주간,20060301,20060301,20211216
S10,경상남도교육청,9010293,창원명곡고등학교,Changwon Myeonggok High School,고등학교,경상남도,경상남도교육청,공립,51171 ,경상남도 창원시 의창구 서곡길25번길 16,/ 창원명곡고등학교 (명곡동),055-270-7900,http://cwmg-h.gne.go.kr ,남여공학,055-265-5304,일반고,N,일반계,,전기,주간,20040301,20040301,20211216
S10,경상남도교육청,9010069,창원명지여자고등학교,,고등학교,경상남도,경상남도교육청,공립,51172 ,경상남도 창원시 의창구 명지로109번길 54,(명서동/ 명지여자고등학교),055-270-2200,http://cwmjyeo-h.gne.go.kr,여,055-238-1615,일반고,N,일반계,,전기,주간,19950301,19940906,20211216
S10,경상남도교육청,9010117,창원문성고등학교,Changwon Moonsung High School,고등학교,경상남도,경상남도교육청,사립,51410 ,경상남도 창원시 성산구 원이대로 406,(두대동/ 창원문성고등학교),055-270-6520,http://cms-h.gne.go.kr/,남여공학,055-270-6506,일반고,N,일반계,,전기,주간,19840306,19840306,20211216
S10,경상남도교육청,9010277,창원봉림고등학교,,고등학교,경상남도,경상남도교육청,공립,51144 ,경상남도 창원시 의창구 창이대로333번길 39,(봉곡동/ 창원봉림고등학교),055-710-8222,http://bongrim-h.gne.go.kr/,남여공학,055-237-1065,일반고,N,일반계,,전기,주간,20030104,20030301,20211216
S10,경상남도교육청,9010261,창원사파고등학교,,고등학교,경상남도,경상남도교육청,공립,51458 ,경상남도 창원시 성산구 창이대로719번길 26,/ 창원사파고등학교 (사파동),055-285-9624,cwsapa-h.gne.go.kr,남여공학,055-285-7823,일반고,N,일반계,,전기,주간,20010227,20010227,20211216
S10,경상남도교육청,9010405,창원성민여자고등학교,CHANGWON SUNGMIN GIRLS HIGH SCHOOL   ,고등학교,경상남도,경상남도교육청,사립,51368 ,경상남도 창원시 의창구 팔용로 481,(팔용동/ 창원성민여자고등학교),055-251-6707,http://sungmin-h.gne.go.kr/ ,여,055-251-6701,일반고,N,일반계,,전기,주간,20100301,20100301,20211216
S10,경상남도교육청,9010278,창원신월고등학교,Changwon Sinwol High School,고등학교,경상남도,경상남도교육청,공립,51441 ,경상남도 창원시 성산구 신월로 66,(신월동/ 창원신월고등학교),055-262-1265,http://cwsinwol-h.gne.go.kr/,남여공학,055-267-8025,일반고,N,일반계,,전기,주간,20030104,20030301,20211216
S10,경상남도교육청,9010070,창원여자고등학교,Chang-won Girls` High School,고등학교,경상남도,경상남도교육청,공립,51519 ,경상남도 창원시 성산구 두대로 153,(중앙동),055-260-1900,cwyeo-h.gne.go.kr,여,055-260-1906,일반고,N,일반계,,전기,주간,19821130,19830301,20211216
S10,경상남도교육청,9010262,창원용호고등학교,Changwon Yongho High School,고등학교,경상남도,경상남도교육청,공립,51433 ,경상남도 창원시 성산구 용호로 29,(용호동/ 창원용호고등학교),055-286-7004,http://cwyongho-h.gne.go.kr,남여공학,055-286-7005,일반고,N,일반계,,전기,주간,20020304,20020301,20211216
S10,경상남도교육청,9010071,창원중앙고등학교,Changwon Jungang High School,고등학교,경상남도,경상남도교육청,공립,51437 ,경상남도 창원시 성산구 용호로 16,(용호동/ 창원중앙고등학교),055-239-3100,http://cwjungang-h.gne.go.kr,남,055-284-7302,자율고,N,일반계,,전기,주간,19831230,19831230,20211216
S10,경상남도교육청,9010072,창원중앙여자고등학교,Changwon Jungang Girls` High School,고등학교,경상남도,경상남도교육청,공립,51499 ,경상남도 창원시 성산구 단정로 121,(상남동),055-210-3114,http://cwjag-h.gne.go.kr,여,055-210-3118,일반고,N,일반계,,전기,주간,19980301,19980301,20211216
S10,경상남도교육청,9010319,창원토월고등학교,Changwon Towol High School,고등학교,경상남도,경상남도교육청,공립,51451 ,경상남도 창원시 성산구 비음로91번길 8,(토월동/ 창원토월고등학교),055-210-0720,http://towol-h.gne.go.kr/,남여공학,055-274-2694,일반고,N,일반계,,전기,주간,20060301,20060301,20211216
S10,경상남도교육청,9010118,철성고등학교,,고등학교,경상남도,경상남도교육청,사립,52931 ,경상남도 고성군 고성읍 대가로 12,(고성읍),055-674-7601,http://cheolseong-h.gne.go.kr/,남여공학,055-674-7602,일반고,N,일반계,,전기,주간,19660315,19660315,20211216
S10,경상남도교육청,9010328,초계고등학교,,고등학교,경상남도,경상남도교육청,공립,50246 ,경상남도 합천군 초계면 초계중앙로 101,(초계면),055-932-1216,http://chogye-h.gne.go.kr,남여공학,055-931-3988,특성화고,N,전문계,,전기,주간,19550408,19550408,20211216
S10,경상남도교육청,9010256,충렬여자고등학교,,고등학교,경상남도,경상남도교육청,사립,53024 ,경상남도 통영시 용남면 견내량로 70,/ 충렬여자고등학교 (용남면),055-645-4050,http://chungryol-h.gne.go.kr,여,055-643-6496,일반고,N,일반계,,전기,주간,19610323,19610323,20211216
S10,경상남도교육청,9010073,충무고등학교,,고등학교,경상남도,경상남도교육청,공립,53058 ,경상남도 통영시 여황로 375,(북신동/ 충무고등학교),055-642-9102,http://chungmu-h.gne.go.kr/,남여공학,055-645-4159,일반고,N,일반계,,전기,주간,19850301,19841229,20211216
S10,경상남도교육청,9010119,칠원고등학교,,고등학교,경상남도,경상남도교육청,사립,52018 ,경상남도 함안군 칠서면 삼칠로 281,(칠서면/ 칠원중학교/칠원고등학교),055-587-0088,chirwon-h.gne.go.kr,남여공학,055-587-9684,일반고,N,일반계,,전기,주간,19520515,19520515,20211216
S10,경상남도교육청,9010406,태봉고등학교,Taebong high school,고등학교,경상남도,경상남도교육청,공립,51789 ,경상남도 창원시 마산합포구 진동면 태봉1길 85-32,/ 태봉고등학교,055-271-1370,taebong-h.gne.go.kr,남여공학,055-271-1308,특성화고,N,전문계,,전후기,주간,20100301,20100301,20211216
S10,경상남도교육청,9010074,통영고등학교,,고등학교,경상남도,경상남도교육청,공립,53077 ,경상남도 통영시 도남로 116,통영고등학교,055-646-3301,http://tongyeong-h.gne.go.kr,남,055-645-3306,일반고,N,일반계,,전기,주간,19420430,19420430,20211216
S10,경상남도교육청,9010075,통영여자고등학교,Tongyeong Girls High School,고등학교,경상남도,경상남도교육청,공립,53065 ,경상남도 통영시 도리1길 19,(도천동/ 통영여자고등학교),055-642-8513,http://tygh-h.gne.go.kr,여,055-646-4383,일반고,N,일반계,,전기,주간,19430331,19430331,20211216
S10,경상남도교육청,9010230,하동고등학교,Hadong High School,고등학교,경상남도,경상남도교육청,공립,52332 ,경상남도 하동군 하동읍 경서대로 84,/ 하동고등학교 (하동읍),055-883-3843,hadong-h.gne.go.kr,남,055-883-9067,일반고,N,일반계,,전기,주간,19511001,19520419,20211216
S10,경상남도교육청,9010120,하동여자고등학교,,고등학교,경상남도,경상남도교육청,사립,52332 ,경상남도 하동군 하동읍 송림1길 30,(하동읍/ 하동여자고등학교),055-883-4654,http://hanmaum-h.gne.go.kr,여,055-883-4656,일반고,N,일반계,,전기,주간,19630105,19630105,20211216
S10,경상남도교육청,9010655,한국나노마이스터고등학교,Korea Nano Meister High School,고등학교,경상남도,경상남도교육청,공립,50406 ,경상남도 밀양시 무안면 신법길 29,(무안면/ 한국나노마이스터고등학교),055-352-7538,http://nano-h.gne.go.kr/,남여공학,055-353-9958,특목고,N,전문계,산업수요 맞춤형 고등학교,전기,주간,19661209,19661219,20211216
S10,경상남도교육청,9010531,한일여자고등학교,Hanil Girls` High School,고등학교,경상남도,경상남도교육청,사립,51317 ,경상남도 창원시 마산회원구 양덕서8길 50,/ 한일여자고등학교 (양덕동),1600-6991,http://hi-h.gne.go.kr,여,055-298-0592,특성화고,Y,전문계,,전기,주간,19740330,19740330,20211216
S10,경상남도교육청,9010224,함안고등학교,,고등학교,경상남도,경상남도교육청,공립,52038 ,경상남도 함안군 가야읍 함안대로 630,/ 함안고등학교 (가야읍),055-582-2581,http://haman-h.gne.go.kr,남여공학,055-582-2444,일반고,N,일반계,,전기,주간,19370503,19370503,20211216
S10,경상남도교육청,9010076,함양고등학교,,고등학교,경상남도,경상남도교육청,공립,50044 ,경상남도 함양군 함양읍 함양로 1063,(함양읍/ 함양고등학교),055-963-3201,http://hamyang-h.gne.go.kr,남여공학,055-963-6130,일반고,N,일반계,,전기,주간,19650305,19650305,20211216
S10,경상남도교육청,9010232,함양제일고등학교,,고등학교,경상남도,경상남도교육청,공립,50033 ,경상남도 함양군 함양읍 함양배움길 27,(함양읍/ 함양제일고등학교),055-963-2488,http://hamyangjeil-h.gne.go.kr/,남여공학,055-963-5188,특성화고,N,전문계,,전기,주간,19510831,19510925,20211216
S10,경상남도교육청,9010156,합천고등학교,,고등학교,경상남도,경상남도교육청,공립,50238 ,경상남도 합천군 합천읍 교동3길 12,(합천읍/합천고등학교),055-934-2570,http://hapcheon-h.gne.go.kr,남,055-934-2577,일반고,N,일반계,,전기,주간,19510830,19280106,20211216
S10,경상남도교육청,9010189,합천여자고등학교,,고등학교,경상남도,경상남도교육청,사립,50234 ,경상남도 합천군 합천읍 남정길 25-7,(합천읍/ 합천여자고등학교),055-933-3366,http://hcyeo-h.gne.go.kr,여,055-933-2355,일반고,N,일반계,,전기,주간,19691224,19691224,20211216
S10,경상남도교육청,9010668,합천평화고등학교,Hapcheonpyeonghwa High School,고등학교,경상남도,경상남도교육청,사립,50247 ,경상남도 합천군 적중면 황정1길 37,(적중면/ 원경고등학교),055-933-2019,http://hcpyeonghwa-h.gne.go.kr/,남여공학,055-931-1528,특성화고,N,해당없음,,전기,주간,19971230,19980301,20211216
S10,경상남도교육청,9010077,합포고등학교,,고등학교,경상남도,경상남도교육청,공립,51281 ,경상남도 창원시 마산합포구 무학로 458,(교방동/ 합포고등학교),055-240-4100,http://happo-h.gne.go.kr/,남여공학,055-245-9446,일반고,N,일반계,,전기,주간,19890218,19890218,20211216
S10,경상남도교육청,9010121,해성고등학교,Haeseong High School,고등학교,경상남도,경상남도교육청,사립,53317 ,경상남도 거제시 두모길 4,(장승포동/ 해성고등학교),055-680-1201,haeseong-h.gne.go.kr,남여공학,055-682-2616,일반고,N,일반계,,전기,주간,19540628,19521007,20211216
S10,경상남도교육청,9010259,효암고등학교,,고등학교,경상남도,경상남도교육청,사립,50530 ,경상남도 양산시 서창로 144,(삼호동/ 효암고등학교/개운중학교),055-366-0021,www.hyoam.hs.kr,남여공학,055-366-0026,일반고,N,일반계,,전기,주간,19740105,19740105,20211216

